target,feature,weight
Revenue,lag_364,0.3208806720791708
Revenue,lag_365,0.45049487283654915
Revenue,lag_371,4.420467976566052e-07
Revenue,rolling_7,0.17408516703869803
Revenue,rolling_30,3.612007670155806e-05
Revenue,rolling_90,0.05450272592208283
COGS,lag_364,0.36053180250838207
COGS,lag_365,0.455200193459162
COGS,lag_371,8.340583957215711e-06
COGS,rolling_7,0.1842499562846093
COGS,rolling_30,8.47817863185447e-07
COGS,rolling_90,8.859346026314423e-06
