model,target,MAE,RMSE,R2
calibrated_baseline,Revenue,865144.73948765,1176430.4858528303,0.5060075964851898
calibrated_baseline,COGS,654447.2758281502,866792.5829866688,0.6468352270231652
calibrated_baseline,average,759796.0076579001,1021611.5344197496,0.5764214117541775
fixed_residual_ensemble,Revenue,622494.6947076048,831353.0283730183,0.7533059378296867
fixed_residual_ensemble,COGS,582299.8197412522,764535.4103888555,0.7252471444167194
fixed_residual_ensemble,average,602397.2572244285,797944.2193809368,0.7392765411232031
