model,target,MAE,RMSE,R2
optimized_weighted_raw,Revenue,759080.3610662377,1056053.6098040016,0.6019298056302964
optimized_weighted_raw,COGS,641198.7828329244,856563.3561616058,0.655121606131414
optimized_weighted_raw,average,700139.571949581,956308.4829828037,0.6285257058808552
optimized_weighted_calibrated,Revenue,600110.2076272873,851459.140342405,0.7412291490500873
optimized_weighted_calibrated,COGS,527452.7555831769,739970.6001917602,0.7426193253781064
optimized_weighted_calibrated,average,563781.481605232,795714.8702670826,0.7419242372140968
