category,product_month_rows,unique_products,stockout_product_months,total_stockout_days,avg_fill_rate,median_fill_rate,total_units_sold,lost_unit_sold_proxy,estimated_unconstrained_units,lost_unit_sold_proxy_share,unit_weighted_fill_rate,stockout_product_month_rate
Streetwear,31020,890,20883,36993,0.9602482785299807,0.9667,511467,43978.2379914396,555445.2379914396,0.07917655060014643,0.9208234493998535,0.67321083172147
Outdoor,21050,502,14177,23552,0.962704703087886,0.9667,337510,39606.7595792939,377116.7595792939,0.1050251906690083,0.8949748093309917,0.6734916864608076
GenZ,4674,113,3192,5368,0.9617175010697476,0.9667,48695,3007.7962782402938,51702.79627824029,0.05817473124768223,0.9418252687523179,0.6829268292682927
Casual,3503,119,2319,4012,0.9618233228661147,0.9667,31202,2724.298734760812,33926.298734760814,0.08030049950510815,0.9196995004948918,0.6620039965743648
